type,price,timestamp,entry_price,pnl
OPEN_SHORT,3208.9,126,3208.9,0.0
CLOSE_SHORT,3197.78,136,3208.9,11.11999999999989
OPEN_LONG,3197.78,136,3197.78,0.0
CLOSE_LONG,3227.14,154,3197.78,29.359999999999673
OPEN_SHORT,3227.14,154,3227.14,0.0
CLOSE_SHORT,3235.25,163,3227.14,-8.110000000000127
OPEN_LONG,3235.25,163,3235.25,0.0
CLOSE_LONG,3256.05,252,3235.25,20.800000000000182
OPEN_SHORT,3256.05,252,3256.05,0.0
CLOSE_SHORT,3240.34,277,3256.05,15.710000000000036
OPEN_LONG,3240.34,277,3240.34,0.0
CLOSE_LONG,3246.48,294,3240.34,6.139999999999873
OPEN_SHORT,3246.48,294,3246.48,0.0
CLOSE_SHORT,3243.3,312,3246.48,3.1799999999998363
OPEN_LONG,3243.3,312,3243.3,0.0
CLOSE_LONG,3247.0,527,3243.3,3.699999999999818
OPEN_SHORT,3247.0,527,3247.0,0.0
CLOSE_SHORT,3248.51,532,3247.0,-1.5100000000002183
OPEN_LONG,3248.51,532,3248.51,0.0
CLOSE_LONG,3242.16,571,3248.51,-6.350000000000364
OPEN_SHORT,3242.16,571,3242.16,0.0
CLOSE_SHORT,3239.11,585,3242.16,3.049999999999727
OPEN_LONG,3239.11,585,3239.11,0.0
CLOSE_LONG,3242.84,607,3239.11,3.730000000000018
OPEN_SHORT,3242.84,607,3242.84,0.0
CLOSE_SHORT,3239.88,621,3242.84,2.9600000000000364
OPEN_LONG,3239.88,621,3239.88,0.0
CLOSE_LONG,3232.95,640,3239.88,-6.930000000000291
OPEN_SHORT,3232.95,640,3232.95,0.0
CLOSE_SHORT,3239.15,645,3232.95,-6.200000000000273
OPEN_LONG,3239.15,645,3239.15,0.0
CLOSE_LONG,3249.16,666,3239.15,10.009999999999764
OPEN_SHORT,3249.16,666,3249.16,0.0
CLOSE_SHORT,3252.16,677,3249.16,-3.0
OPEN_LONG,3252.16,677,3252.16,0.0
CLOSE_LONG,3238.91,731,3252.16,-13.25
OPEN_SHORT,3238.91,731,3238.91,0.0
CLOSE_SHORT,3238.83,743,3238.91,0.07999999999992724
OPEN_LONG,3238.83,743,3238.83,0.0
CLOSE_LONG,3236.14,778,3238.83,-2.6900000000000546
OPEN_SHORT,3236.14,778,3236.14,0.0
CLOSE_SHORT,3237.82,787,3236.14,-1.680000000000291
OPEN_LONG,3237.82,787,3237.82,0.0
CLOSE_LONG,3244.04,877,3237.82,6.2199999999998
OPEN_SHORT,3244.04,877,3244.04,0.0
CLOSE_SHORT,3243.68,891,3244.04,0.36000000000012733
OPEN_LONG,3243.68,891,3243.68,0.0
CLOSE_LONG,3226.5,937,3243.68,-17.179999999999836
OPEN_SHORT,3226.5,937,3226.5,0.0
CLOSE_SHORT,3236.08,943,3226.5,-9.579999999999927
OPEN_LONG,3236.08,943,3236.08,0.0
CLOSE_LONG,3228.94,953,3236.08,-7.139999999999873
OPEN_SHORT,3228.94,953,3228.94,0.0
CLOSE_SHORT,3233.41,965,3228.94,-4.4699999999998
OPEN_LONG,3233.41,965,3233.41,0.0
CLOSE_LONG,3212.57,975,3233.41,-20.83999999999969
OPEN_SHORT,3212.57,975,3212.57,0.0
CLOSE_SHORT,3207.57,983,3212.57,5.0
OPEN_LONG,3207.57,983,3207.57,0.0
CLOSE_LONG,3189.41,995,3207.57,-18.16000000000031
OPEN_SHORT,3189.41,995,3189.41,0.0
CLOSE_SHORT,3106.57,1018,3189.41,82.83999999999969
OPEN_LONG,3106.57,1018,3106.57,0.0
CLOSE_LONG,3085.02,1023,3106.57,-21.550000000000182
OPEN_SHORT,3085.02,1023,3085.02,0.0
CLOSE_SHORT,3076.78,1038,3085.02,8.239999999999782
OPEN_LONG,3076.78,1038,3076.78,0.0
CLOSE_LONG,3065.1,1049,3076.78,-11.680000000000291
OPEN_SHORT,3065.1,1049,3065.1,0.0
CLOSE_SHORT,3077.5,1056,3065.1,-12.400000000000091
OPEN_LONG,3077.5,1056,3077.5,0.0
CLOSE_LONG,3064.63,1063,3077.5,-12.86999999999989
OPEN_SHORT,3064.63,1063,3064.63,0.0
CLOSE_SHORT,3053.43,1076,3064.63,11.200000000000273
OPEN_LONG,3053.43,1076,3053.43,0.0
CLOSE_LONG,3068.91,1093,3053.43,15.480000000000018
OPEN_SHORT,3068.91,1093,3068.91,0.0
CLOSE_SHORT,3084.95,1098,3068.91,-16.039999999999964
OPEN_LONG,3084.95,1098,3084.95,0.0
CLOSE_LONG,3068.09,1141,3084.95,-16.859999999999673
OPEN_SHORT,3068.09,1141,3068.09,0.0
CLOSE_SHORT,3069.88,1153,3068.09,-1.7899999999999636
OPEN_LONG,3069.88,1153,3069.88,0.0
CLOSE_LONG,3077.18,1171,3069.88,7.299999999999727
OPEN_SHORT,3077.18,1171,3077.18,0.0
CLOSE_SHORT,3076.62,1177,3077.18,0.5599999999999454
OPEN_LONG,3076.62,1177,3076.62,0.0
CLOSE_LONG,3085.82,1195,3076.62,9.200000000000273
OPEN_SHORT,3085.82,1195,3085.82,0.0
CLOSE_SHORT,3094.07,1200,3085.82,-8.25
OPEN_LONG,3094.07,1200,3094.07,0.0
CLOSE_LONG,3070.98,1240,3094.07,-23.090000000000146
OPEN_SHORT,3070.98,1240,3070.98,0.0
CLOSE_SHORT,3072.24,1252,3070.98,-1.2599999999997635
OPEN_LONG,3072.24,1252,3072.24,0.0
CLOSE_LONG,3069.36,1274,3072.24,-2.8799999999996544
OPEN_SHORT,3069.36,1274,3069.36,0.0
CLOSE_SHORT,3070.9,1286,3069.36,-1.5399999999999636
OPEN_LONG,3070.9,1286,3070.9,0.0
CLOSE_LONG,3081.08,1323,3070.9,10.179999999999836
OPEN_SHORT,3081.08,1323,3081.08,0.0
CLOSE_SHORT,3078.6,1333,3081.08,2.480000000000018
OPEN_LONG,3078.6,1333,3078.6,0.0
CLOSE_LONG,3084.56,1372,3078.6,5.960000000000036
OPEN_SHORT,3084.56,1372,3084.56,0.0
CLOSE_SHORT,3081.29,1386,3084.56,3.269999999999982
OPEN_LONG,3081.29,1386,3081.29,0.0
CLOSE_LONG,3087.0,1408,3081.29,5.710000000000036
OPEN_SHORT,3087.0,1408,3087.0,0.0
CLOSE_SHORT,3091.24,1422,3087.0,-4.239999999999782
OPEN_LONG,3091.24,1422,3091.24,0.0
CLOSE_LONG,3088.14,1524,3091.24,-3.099999999999909
OPEN_SHORT,3088.14,1524,3088.14,0.0
CLOSE_SHORT,3090.54,1532,3088.14,-2.400000000000091
OPEN_LONG,3090.54,1532,3090.54,0.0
CLOSE_LONG,3084.68,1640,3090.54,-5.860000000000127
OPEN_SHORT,3084.68,1640,3084.68,0.0
CLOSE_SHORT,3086.84,1649,3084.68,-2.1600000000003092
OPEN_LONG,3086.84,1649,3086.84,0.0
CLOSE_LONG,3086.03,1780,3086.84,-0.8099999999999454
OPEN_SHORT,3086.03,1780,3086.03,0.0
CLOSE_SHORT,3088.38,1787,3086.03,-2.349999999999909
OPEN_LONG,3088.38,1787,3088.38,0.0
CLOSE_LONG,3087.6,1872,3088.38,-0.7800000000002001
OPEN_SHORT,3087.6,1872,3087.6,0.0
CLOSE_SHORT,3084.7,1883,3087.6,2.900000000000091
OPEN_LONG,3084.7,1883,3084.7,0.0
CLOSE_LONG,3115.59,2093,3084.7,30.890000000000327
OPEN_SHORT,3115.59,2093,3115.59,0.0
CLOSE_SHORT,3116.71,2110,3115.59,-1.1199999999998909
OPEN_LONG,3116.71,2110,3116.71,0.0
CLOSE_LONG,3122.73,2164,3116.71,6.019999999999982
OPEN_SHORT,3122.73,2164,3122.73,0.0
CLOSE_SHORT,3120.7,2209,3122.73,2.0300000000002
OPEN_LONG,3120.7,2209,3120.7,0.0
CLOSE_LONG,3108.92,2274,3120.7,-11.779999999999745
OPEN_SHORT,3108.92,2274,3108.92,0.0
CLOSE_SHORT,3108.89,2308,3108.92,0.03000000000020009
OPEN_LONG,3108.89,2308,3108.89,0.0
CLOSE_LONG,3100.01,2375,3108.89,-8.879999999999654
OPEN_SHORT,3100.01,2375,3100.01,0.0
CLOSE_SHORT,3100.35,2382,3100.01,-0.33999999999969077
OPEN_LONG,3100.35,2382,3100.35,0.0
CLOSE_LONG,3109.32,2398,3100.35,8.970000000000255
OPEN_SHORT,3109.32,2398,3109.32,0.0
CLOSE_SHORT,3111.38,2410,3109.32,-2.0599999999999454
OPEN_LONG,3111.38,2410,3111.38,0.0
CLOSE_LONG,3112.73,2476,3111.38,1.349999999999909
OPEN_SHORT,3112.73,2476,3112.73,0.0
CLOSE_SHORT,3104.64,2490,3112.73,8.090000000000146
OPEN_LONG,3104.64,2490,3104.64,0.0
CLOSE_LONG,3102.48,2510,3104.64,-2.1599999999998545
OPEN_SHORT,3102.48,2510,3102.48,0.0
CLOSE_SHORT,3098.76,2536,3102.48,3.7199999999998
OPEN_LONG,3098.76,2536,3098.76,0.0
CLOSE_LONG,3096.38,2556,3098.76,-2.380000000000109
OPEN_SHORT,3096.38,2556,3096.38,0.0
CLOSE_SHORT,3098.56,2567,3096.38,-2.1799999999998363
OPEN_LONG,3098.56,2567,3098.56,0.0
CLOSE_LONG,3105.68,2602,3098.56,7.119999999999891
OPEN_SHORT,3105.68,2602,3105.68,0.0
CLOSE_SHORT,3106.49,2614,3105.68,-0.8099999999999454
OPEN_LONG,3106.49,2614,3106.49,0.0
CLOSE_LONG,3104.1,2664,3106.49,-2.3899999999998727
OPEN_SHORT,3104.1,2664,3104.1,0.0
CLOSE_SHORT,3103.3,2679,3104.1,0.7999999999997272
OPEN_LONG,3103.3,2679,3103.3,0.0
CLOSE_LONG,3105.61,2742,3103.3,2.3099999999999454
OPEN_SHORT,3105.61,2742,3105.61,0.0
CLOSE_SHORT,3106.06,2756,3105.61,-0.4499999999998181
OPEN_LONG,3106.06,2756,3106.06,0.0
CLOSE_LONG,3095.89,2800,3106.06,-10.170000000000073
OPEN_SHORT,3095.89,2800,3095.89,0.0
CLOSE_SHORT,3099.3,2806,3095.89,-3.4100000000003092
OPEN_LONG,3099.3,2806,3099.3,0.0
CLOSE_LONG,3100.37,2819,3099.3,1.069999999999709
OPEN_SHORT,3100.37,2819,3100.37,0.0
CLOSE_SHORT,3112.84,2826,3100.37,-12.470000000000255
OPEN_LONG,3112.84,2826,3112.84,0.0
CLOSE_LONG,3106.5,2972,3112.84,-6.3400000000001455
OPEN_SHORT,3106.5,2972,3106.5,0.0
CLOSE_SHORT,3117.36,2984,3106.5,-10.860000000000127
OPEN_LONG,3117.36,2984,3117.36,0.0
CLOSE_LONG,3115.09,3105,3117.36,-2.269999999999982
OPEN_SHORT,3115.09,3105,3115.09,0.0
CLOSE_SHORT,3119.86,3114,3115.09,-4.769999999999982
OPEN_LONG,3119.86,3114,3119.86,0.0
CLOSE_LONG,3107.15,3257,3119.86,-12.710000000000036
OPEN_SHORT,3107.15,3257,3107.15,0.0
CLOSE_SHORT,3106.49,3272,3107.15,0.6600000000003092
OPEN_LONG,3106.49,3272,3106.49,0.0
CLOSE_LONG,3108.98,3358,3106.49,2.4900000000002365
OPEN_SHORT,3108.98,3358,3108.98,0.0
CLOSE_SHORT,3108.51,3369,3108.98,0.4699999999997999
OPEN_LONG,3108.51,3369,3108.51,0.0
CLOSE_LONG,3093.93,3561,3108.51,-14.580000000000382
OPEN_SHORT,3093.93,3561,3093.93,0.0
CLOSE_SHORT,3100.27,3566,3093.93,-6.3400000000001455
OPEN_LONG,3100.27,3566,3100.27,0.0
CLOSE_LONG,3101.31,3579,3100.27,1.0399999999999636
OPEN_SHORT,3101.31,3579,3101.31,0.0
CLOSE_SHORT,3104.6,3592,3101.31,-3.2899999999999636
OPEN_LONG,3104.6,3592,3104.6,0.0
CLOSE_LONG,3082.12,3645,3104.6,-22.480000000000018
OPEN_SHORT,3082.12,3645,3082.12,0.0
CLOSE_SHORT,3072.38,3657,3082.12,9.739999999999782
OPEN_LONG,3072.38,3657,3072.38,0.0
CLOSE_LONG,3077.9,3668,3072.38,5.519999999999982
OPEN_SHORT,3077.9,3668,3077.9,0.0
CLOSE_SHORT,3088.15,3679,3077.9,-10.25
OPEN_LONG,3088.15,3679,3088.15,0.0
CLOSE_LONG,3098.0,3718,3088.15,9.849999999999909
OPEN_SHORT,3098.0,3718,3098.0,0.0
CLOSE_SHORT,3086.77,3737,3098.0,11.230000000000018
OPEN_LONG,3086.77,3737,3086.77,0.0
CLOSE_LONG,3089.8,3753,3086.77,3.0300000000002
OPEN_SHORT,3089.8,3753,3089.8,0.0
CLOSE_SHORT,3089.07,3771,3089.8,0.7300000000000182
OPEN_LONG,3089.07,3771,3089.07,0.0
CLOSE_LONG,3096.13,3793,3089.07,7.059999999999945
OPEN_SHORT,3096.13,3793,3096.13,0.0
CLOSE_SHORT,3100.62,3800,3096.13,-4.489999999999782
OPEN_LONG,3100.62,3800,3100.62,0.0
CLOSE_LONG,3078.99,3822,3100.62,-21.63000000000011
OPEN_SHORT,3078.99,3822,3078.99,0.0
CLOSE_SHORT,3083.46,3834,3078.99,-4.470000000000255
OPEN_LONG,3083.46,3834,3083.46,0.0
CLOSE_LONG,3080.63,3850,3083.46,-2.8299999999999272
OPEN_SHORT,3080.63,3850,3080.63,0.0
CLOSE_SHORT,3075.6,3863,3080.63,5.0300000000002
OPEN_LONG,3075.6,3863,3075.6,0.0
CLOSE_LONG,3076.0,3882,3075.6,0.40000000000009095
OPEN_SHORT,3076.0,3882,3076.0,0.0
CLOSE_SHORT,3081.6,3902,3076.0,-5.599999999999909
OPEN_LONG,3081.6,3902,3081.6,0.0
CLOSE_LONG,3098.0,3935,3081.6,16.40000000000009
OPEN_SHORT,3098.0,3935,3098.0,0.0
CLOSE_SHORT,3089.02,3945,3098.0,8.980000000000018
OPEN_LONG,3089.02,3945,3089.02,0.0
CLOSE_LONG,3088.09,3964,3089.02,-0.9299999999998363
OPEN_SHORT,3088.09,3964,3088.09,0.0
CLOSE_SHORT,3078.89,3986,3088.09,9.200000000000273
OPEN_LONG,3078.89,3986,3078.89,0.0
CLOSE_LONG,3078.77,4028,3078.89,-0.11999999999989086
OPEN_SHORT,3078.77,4028,3078.77,0.0
CLOSE_SHORT,3086.71,4032,3078.77,-7.940000000000055
OPEN_LONG,3086.71,4032,3086.71,0.0
CLOSE_LONG,3094.61,4121,3086.71,7.900000000000091
OPEN_SHORT,3094.61,4121,3094.61,0.0
CLOSE_SHORT,3090.59,4134,3094.61,4.019999999999982
OPEN_LONG,3090.59,4134,3090.59,0.0
CLOSE_LONG,3086.93,4152,3090.59,-3.6600000000003092
OPEN_SHORT,3086.93,4152,3086.93,0.0
CLOSE_SHORT,3094.68,4162,3086.93,-7.75
OPEN_LONG,3094.68,4162,3094.68,0.0
CLOSE_LONG,3090.59,4173,3094.68,-4.089999999999691
OPEN_SHORT,3090.59,4173,3090.59,0.0
CLOSE_SHORT,3089.49,4185,3090.59,1.1000000000003638
OPEN_LONG,3089.49,4185,3089.49,0.0
CLOSE_LONG,3087.2,4232,3089.49,-2.2899999999999636
OPEN_SHORT,3087.2,4232,3087.2,0.0
CLOSE_SHORT,3081.3,4243,3087.2,5.899999999999636
OPEN_LONG,3081.3,4243,3081.3,0.0
CLOSE_LONG,3083.39,4279,3081.3,2.0899999999996908
OPEN_SHORT,3083.39,4279,3083.39,0.0
CLOSE_SHORT,3085.98,4285,3083.39,-2.5900000000001455
OPEN_LONG,3085.98,4285,3085.98,0.0
CLOSE_LONG,3066.18,4331,3085.98,-19.800000000000182
OPEN_SHORT,3066.18,4331,3066.18,0.0
CLOSE_SHORT,3070.78,4343,3066.18,-4.600000000000364
OPEN_LONG,3070.78,4343,3070.78,0.0
CLOSE_LONG,3033.6,4360,3070.78,-37.18000000000029
OPEN_SHORT,3033.6,4360,3033.6,0.0
CLOSE_SHORT,3051.01,4365,3033.6,-17.41000000000031
OPEN_LONG,3051.01,4365,3051.01,0.0
CLOSE_LONG,3050.89,4373,3051.01,-0.12000000000034561
OPEN_SHORT,3050.89,4373,3050.89,0.0
CLOSE_SHORT,3061.23,4378,3050.89,-10.340000000000146
OPEN_LONG,3061.23,4378,3061.23,0.0
CLOSE_LONG,3060.18,4384,3061.23,-1.050000000000182
OPEN_SHORT,3060.18,4384,3060.18,0.0
CLOSE_SHORT,3080.14,4389,3060.18,-19.960000000000036
OPEN_LONG,3080.14,4389,3080.14,0.0
CLOSE_LONG,3072.51,4416,3080.14,-7.629999999999654
OPEN_SHORT,3072.51,4416,3072.51,0.0
CLOSE_SHORT,3060.57,4431,3072.51,11.940000000000055
OPEN_LONG,3060.57,4431,3060.57,0.0
CLOSE_LONG,3074.95,4448,3060.57,14.379999999999654
OPEN_SHORT,3074.95,4448,3074.95,0.0
CLOSE_SHORT,3072.58,4459,3074.95,2.369999999999891
OPEN_LONG,3072.58,4459,3072.58,0.0
CLOSE_LONG,3129.97,4532,3072.58,57.38999999999987
OPEN_SHORT,3129.97,4532,3129.97,0.0
CLOSE_SHORT,3123.51,4553,3129.97,6.459999999999582
OPEN_LONG,3123.51,4553,3123.51,0.0
CLOSE_LONG,3118.5,4574,3123.51,-5.010000000000218
OPEN_SHORT,3118.5,4574,3118.5,0.0
CLOSE_SHORT,3110.76,4603,3118.5,7.739999999999782
OPEN_LONG,3110.76,4603,3110.76,0.0
CLOSE_LONG,3108.8,4620,3110.76,-1.9600000000000364
OPEN_SHORT,3108.8,4620,3108.8,0.0
CLOSE_SHORT,3113.92,4631,3108.8,-5.119999999999891
OPEN_LONG,3113.92,4631,3113.92,0.0
CLOSE_LONG,3118.68,4672,3113.92,4.7599999999997635
OPEN_SHORT,3118.68,4672,3118.68,0.0
CLOSE_SHORT,3123.36,4682,3118.68,-4.680000000000291
OPEN_LONG,3123.36,4682,3123.36,0.0
CLOSE_LONG,3118.65,4748,3123.36,-4.710000000000036
OPEN_SHORT,3118.65,4748,3118.65,0.0
CLOSE_SHORT,3117.11,4762,3118.65,1.5399999999999636
OPEN_LONG,3117.11,4762,3117.11,0.0
CLOSE_LONG,3125.76,4869,3117.11,8.650000000000091
OPEN_SHORT,3125.76,4869,3125.76,0.0
CLOSE_SHORT,3130.63,4883,3125.76,-4.869999999999891
OPEN_LONG,3130.63,4883,3130.63,0.0
CLOSE_LONG,3152.1,4986,3130.63,21.4699999999998
OPEN_SHORT,3152.1,4986,3152.1,0.0
CLOSE_SHORT,3155.87,4999,3152.1,-3.769999999999982
OPEN_LONG,3155.87,4999,3155.87,0.0
CLOSE_LONG,3164.67,5023,3155.87,8.800000000000182
OPEN_SHORT,3164.67,5023,3164.67,0.0
CLOSE_SHORT,3156.6,5035,3164.67,8.070000000000164
OPEN_LONG,3156.6,5035,3156.6,0.0
CLOSE_LONG,3156.63,5051,3156.6,0.03000000000020009
OPEN_SHORT,3156.63,5051,3156.63,0.0
CLOSE_SHORT,3156.63,5071,3156.63,0.0
OPEN_LONG,3156.63,5071,3156.63,0.0
CLOSE_LONG,3149.47,5088,3156.63,-7.160000000000309
OPEN_SHORT,3149.47,5088,3149.47,0.0
CLOSE_SHORT,3150.1,5094,3149.47,-0.6300000000001091
OPEN_LONG,3150.1,5094,3150.1,0.0
CLOSE_LONG,3152.56,5108,3150.1,2.4600000000000364
OPEN_SHORT,3152.56,5108,3152.56,0.0
CLOSE_SHORT,3147.84,5121,3152.56,4.7199999999998
OPEN_LONG,3147.84,5121,3147.84,0.0
CLOSE_LONG,3142.82,5171,3147.84,-5.019999999999982
OPEN_SHORT,3142.82,5171,3142.82,0.0
CLOSE_SHORT,3139.86,5177,3142.82,2.9600000000000364
OPEN_LONG,3139.86,5177,3139.86,0.0
CLOSE_LONG,3128.76,5203,3139.86,-11.099999999999909
OPEN_SHORT,3128.76,5203,3128.76,0.0
CLOSE_SHORT,3134.81,5229,3128.76,-6.049999999999727
OPEN_LONG,3134.81,5229,3134.81,0.0
CLOSE_LONG,3131.14,5249,3134.81,-3.6700000000000728
OPEN_SHORT,3131.14,5249,3131.14,0.0
CLOSE_SHORT,3129.7,5255,3131.14,1.4400000000000546
OPEN_LONG,3129.7,5255,3129.7,0.0
CLOSE_LONG,3123.03,5269,3129.7,-6.669999999999618
OPEN_SHORT,3123.03,5269,3123.03,0.0
CLOSE_SHORT,3045.65,5292,3123.03,77.38000000000011
OPEN_LONG,3045.65,5292,3045.65,0.0
CLOSE_LONG,3035.96,5299,3045.65,-9.690000000000055
OPEN_SHORT,3035.96,5299,3035.96,0.0
CLOSE_SHORT,2999.43,5316,3035.96,36.5300000000002
OPEN_LONG,2999.43,5316,2999.43,0.0
CLOSE_LONG,2989.15,5326,2999.43,-10.279999999999745
OPEN_SHORT,2989.15,5326,2989.15,0.0
CLOSE_SHORT,3011.21,5331,2989.15,-22.059999999999945
OPEN_LONG,3011.21,5331,3011.21,0.0
CLOSE_LONG,3013.0,5337,3011.21,1.7899999999999636
OPEN_SHORT,3013.0,5337,3013.0,0.0
CLOSE_SHORT,3005.0,5345,3013.0,8.0
OPEN_LONG,3005.0,5345,3005.0,0.0
CLOSE_LONG,2993.56,5378,3005.0,-11.440000000000055
OPEN_SHORT,2993.56,5378,2993.56,0.0
CLOSE_SHORT,2975.15,5397,2993.56,18.409999999999854
OPEN_LONG,2975.15,5397,2975.15,0.0
CLOSE_LONG,2975.88,5410,2975.15,0.7300000000000182
OPEN_SHORT,2975.88,5410,2975.88,0.0
CLOSE_SHORT,2969.24,5425,2975.88,6.640000000000327
OPEN_LONG,2969.24,5425,2969.24,0.0
CLOSE_LONG,2961.02,5438,2969.24,-8.2199999999998
OPEN_SHORT,2961.02,5438,2961.02,0.0
CLOSE_SHORT,2958.46,5448,2961.02,2.5599999999999454
OPEN_LONG,2958.46,5448,2958.46,0.0
CLOSE_LONG,2937.04,5457,2958.46,-21.420000000000073
OPEN_SHORT,2937.04,5457,2937.04,0.0
CLOSE_SHORT,2937.1,5471,2937.04,-0.05999999999994543
OPEN_LONG,2937.1,5471,2937.1,0.0
CLOSE_LONG,2927.54,5487,2937.1,-9.559999999999945
OPEN_SHORT,2927.54,5487,2927.54,0.0
CLOSE_SHORT,2913.54,5506,2927.54,14.0
OPEN_LONG,2913.54,5506,2913.54,0.0
CLOSE_LONG,2949.39,5533,2913.54,35.84999999999991
OPEN_SHORT,2949.39,5533,2949.39,0.0
CLOSE_SHORT,2934.93,5542,2949.39,14.460000000000036
OPEN_LONG,2934.93,5542,2934.93,0.0
CLOSE_LONG,2949.6,5562,2934.93,14.670000000000073
OPEN_SHORT,2949.6,5562,2949.6,0.0
CLOSE_SHORT,2936.83,5577,2949.6,12.769999999999982
OPEN_LONG,2936.83,5577,2936.83,0.0
CLOSE_LONG,2929.22,5587,2936.83,-7.610000000000127
OPEN_SHORT,2929.22,5587,2929.22,0.0
CLOSE_SHORT,2923.5,5608,2929.22,5.7199999999998
OPEN_LONG,2923.5,5608,2923.5,0.0
CLOSE_LONG,2938.57,5629,2923.5,15.070000000000164
OPEN_SHORT,2938.57,5629,2938.57,0.0
CLOSE_SHORT,2931.44,5638,2938.57,7.130000000000109
OPEN_LONG,2931.44,5638,2931.44,0.0
CLOSE_LONG,2939.04,5678,2931.44,7.599999999999909
OPEN_SHORT,2939.04,5678,2939.04,0.0
CLOSE_SHORT,2946.15,5682,2939.04,-7.110000000000127
OPEN_LONG,2946.15,5682,2946.15,0.0
CLOSE_LONG,2942.79,5883,2946.15,-3.3600000000001273
OPEN_SHORT,2942.79,5883,2942.79,0.0
CLOSE_SHORT,2948.56,5888,2942.79,-5.769999999999982
OPEN_LONG,2948.56,5888,2948.56,0.0
CLOSE_LONG,2951.24,5903,2948.56,2.6799999999998363
OPEN_SHORT,2951.24,5903,2951.24,0.0
CLOSE_SHORT,2955.66,5910,2951.24,-4.420000000000073
OPEN_LONG,2955.66,5910,2955.66,0.0
CLOSE_LONG,2945.74,5944,2955.66,-9.920000000000073
OPEN_SHORT,2945.74,5944,2945.74,0.0
CLOSE_SHORT,2947.75,5956,2945.74,-2.0100000000002183
OPEN_LONG,2947.75,5956,2947.75,0.0
CLOSE_LONG,2957.2,5978,2947.75,9.449999999999818
OPEN_SHORT,2957.2,5978,2957.2,0.0
CLOSE_SHORT,2953.47,5991,2957.2,3.730000000000018
OPEN_LONG,2953.47,5991,2953.47,0.0
CLOSE_LONG,2928.75,6019,2953.47,-24.7199999999998
OPEN_SHORT,2928.75,6019,2928.75,0.0
CLOSE_SHORT,2935.39,6026,2928.75,-6.639999999999873
OPEN_LONG,2935.39,6026,2935.39,0.0
CLOSE_LONG,2921.03,6039,2935.39,-14.359999999999673
OPEN_SHORT,2921.03,6039,2921.03,0.0
CLOSE_SHORT,2936.56,6060,2921.03,-15.529999999999745
OPEN_LONG,2936.56,6060,2936.56,0.0
CLOSE_LONG,2902.98,6102,2936.56,-33.57999999999993
OPEN_SHORT,2902.98,6102,2902.98,0.0
CLOSE_SHORT,2910.46,6107,2902.98,-7.480000000000018
OPEN_LONG,2910.46,6107,2910.46,0.0
CLOSE_LONG,2898.9,6114,2910.46,-11.559999999999945
OPEN_SHORT,2898.9,6114,2898.9,0.0
CLOSE_SHORT,2908.64,6118,2898.9,-9.739999999999782
OPEN_LONG,2908.64,6118,2908.64,0.0
CLOSE_LONG,2916.58,6131,2908.64,7.940000000000055
OPEN_SHORT,2916.58,6131,2916.58,0.0
CLOSE_SHORT,2922.51,6143,2916.58,-5.930000000000291
OPEN_LONG,2922.51,6143,2922.51,0.0
CLOSE_LONG,2919.37,6176,2922.51,-3.1400000000003274
OPEN_SHORT,2919.37,6176,2919.37,0.0
CLOSE_SHORT,2921.66,6182,2919.37,-2.2899999999999636
OPEN_LONG,2921.66,6182,2921.66,0.0
CLOSE_LONG,2925.95,6283,2921.66,4.289999999999964
OPEN_SHORT,2925.95,6283,2925.95,0.0
CLOSE_SHORT,2923.95,6295,2925.95,2.0
OPEN_LONG,2923.95,6295,2923.95,0.0
CLOSE_LONG,2923.66,6345,2923.95,-0.2899999999999636
OPEN_SHORT,2923.66,6345,2923.66,0.0
CLOSE_SHORT,2928.32,6364,2923.66,-4.660000000000309
OPEN_LONG,2928.32,6364,2928.32,0.0
CLOSE_LONG,2926.5,6443,2928.32,-1.8200000000001637
OPEN_SHORT,2926.5,6443,2926.5,0.0
CLOSE_SHORT,2929.22,6458,2926.5,-2.7199999999998
OPEN_LONG,2929.22,6458,2929.22,0.0
CLOSE_LONG,2949.44,6474,2929.22,20.220000000000255
OPEN_SHORT,2949.44,6474,2949.44,0.0
CLOSE_SHORT,2948.08,6482,2949.44,1.3600000000001273
OPEN_LONG,2948.08,6482,2948.08,0.0
CLOSE_LONG,2954.69,6548,2948.08,6.610000000000127
OPEN_SHORT,2954.69,6548,2954.69,0.0
CLOSE_SHORT,2959.47,6562,2954.69,-4.779999999999745
OPEN_LONG,2959.47,6562,2959.47,0.0
CLOSE_LONG,2950.33,6596,2959.47,-9.139999999999873
OPEN_SHORT,2950.33,6596,2950.33,0.0
CLOSE_SHORT,2952.17,6610,2950.33,-1.8400000000001455
OPEN_LONG,2952.17,6610,2952.17,0.0
CLOSE_LONG,2948.58,6626,2952.17,-3.5900000000001455
OPEN_SHORT,2948.58,6626,2948.58,0.0
CLOSE_SHORT,2937.17,6645,2948.58,11.409999999999854
OPEN_LONG,2937.17,6645,2937.17,0.0
CLOSE_LONG,2917.08,6664,2937.17,-20.090000000000146
OPEN_SHORT,2917.08,6664,2917.08,0.0
CLOSE_SHORT,2906.79,6666,2917.08,10.289999999999964
