timestamp,symbol,signal,price,threshold,bb_upper,bb_lower,bb_middle,slope,distance,bb_width
2025-12-04 23:00:00,BTCUSDT,SELL,92695.40,92726.76,93878.21,92517.02,93197.61,172.17,31.36,1361.19
2025-12-04 23:00:00,BTCUSDT,SELL,92441.20,92726.76,93912.84,92456.97,93184.90,172.17,285.56,1455.86
2025-12-04 23:00:00,BTCUSDT,SELL,92433.30,92726.76,93914.15,92454.87,93184.51,172.17,293.46,1459.28
2025-12-04 23:00:00,BTCUSDT,SELL,92568.00,92726.76,93893.67,92488.82,93191.24,172.17,158.76,1404.84
2025-12-04 23:00:00,BTCUSDT,SELL,92496.60,92726.76,93904.02,92471.33,93187.68,172.17,230.16,1432.69
2025-12-04 23:00:00,BTCUSDT,SELL,92472.40,92726.76,93907.79,92465.14,93186.46,172.17,254.36,1442.65
2025-12-04 23:00:00,BTCUSDT,SELL,92472.40,92726.76,93907.79,92465.14,93186.46,172.17,254.36,1442.65
2025-12-04 23:00:00,BTCUSDT,SELL,92472.40,92726.76,93907.79,92465.14,93186.46,172.17,254.36,1442.65
2025-12-04 23:00:00,BTCUSDT,SELL,92472.40,92726.76,93907.79,92465.14,93186.46,172.17,254.36,1442.65
